<?xml version="1.0" encoding="UTF-8"?>
<metadata xml:lang="en"><Esri><CreaDate>20140421</CreaDate><CreaTime>15255300</CreaTime><ArcGISFormat>1.0</ArcGISFormat><SyncOnce>FALSE</SyncOnce><DataProperties><itemProps><itemName Sync="TRUE">SABs_exchange</itemName><imsContentType Sync="TRUE">002</imsContentType><itemLocation><linkage Sync="TRUE">file://\\P2PWCB01\D$\testings\SAB\SAB_phase2\process_folder\SAB.gdb</linkage><protocol Sync="TRUE">Local Area Network</protocol></itemLocation></itemProps><coordRef><type Sync="TRUE">Geographic</type><geogcsn Sync="TRUE">GCS_WGS_1984</geogcsn><csUnits Sync="TRUE">Angular Unit: Degree (0.017453)</csUnits><peXml Sync="TRUE">&lt;GeographicCoordinateSystem xsi:type='typens:GeographicCoordinateSystem' xmlns:xsi='http://www.w3.org/2001/XMLSchema-instance' xmlns:xs='http://www.w3.org/2001/XMLSchema' xmlns:typens='http://www.esri.com/schemas/ArcGIS/10.1'&gt;&lt;WKT&gt;GEOGCS[&amp;quot;GCS_WGS_1984&amp;quot;,DATUM[&amp;quot;D_WGS_1984&amp;quot;,SPHEROID[&amp;quot;WGS_1984&amp;quot;,6378137.0,298.257223563]],PRIMEM[&amp;quot;Greenwich&amp;quot;,0.0],UNIT[&amp;quot;Degree&amp;quot;,0.0174532925199433],AUTHORITY[&amp;quot;EPSG&amp;quot;,4326]]&lt;/WKT&gt;&lt;XOrigin&gt;-400&lt;/XOrigin&gt;&lt;YOrigin&gt;-400&lt;/YOrigin&gt;&lt;XYScale&gt;1111948722.2222221&lt;/XYScale&gt;&lt;ZOrigin&gt;-100000&lt;/ZOrigin&gt;&lt;ZScale&gt;10000&lt;/ZScale&gt;&lt;MOrigin&gt;-100000&lt;/MOrigin&gt;&lt;MScale&gt;10000&lt;/MScale&gt;&lt;XYTolerance&gt;8.983152841195215e-009&lt;/XYTolerance&gt;&lt;ZTolerance&gt;0.001&lt;/ZTolerance&gt;&lt;MTolerance&gt;0.001&lt;/MTolerance&gt;&lt;HighPrecision&gt;true&lt;/HighPrecision&gt;&lt;LeftLongitude&gt;-180&lt;/LeftLongitude&gt;&lt;WKID&gt;4326&lt;/WKID&gt;&lt;LatestWKID&gt;4326&lt;/LatestWKID&gt;&lt;/GeographicCoordinateSystem&gt;</peXml></coordRef><lineage><Process ToolSource="c:\program files (x86)\arcgis\desktop10.2\ArcToolbox\Toolboxes\Conversion Tools.tbx\FeatureClassToFeatureClass" Date="20140411" Time="133453">FeatureClassToFeatureClass D:\testings\SAB\SAB_phase2\process_folder\Final_Templates\sab_template.shp D:\testings\SAB\SAB_phase2\process_folder\SAB.gdb sab_exchange_template # "OCN "OCN" true true false 4 Text 0 0 ,First,#,D:\testings\SAB\SAB_phase2\process_folder\Final_Templates\sab_template.shp,OCN,-1,-1;CO_NAME "CO_NAME" true true false 254 Text 0 0 ,First,#,D:\testings\SAB\SAB_phase2\process_folder\Final_Templates\sab_template.shp,CO_NAME,-1,-1;EXCHANGE "EXCHANGE" true true false 254 Text 0 0 ,First,#,D:\testings\SAB\SAB_phase2\process_folder\Final_Templates\sab_template.shp,EXCHANGE,-1,-1;WIRECENTER "WIRECENTER" true true false 8 Text 0 0 ,First,#,D:\testings\SAB\SAB_phase2\process_folder\Final_Templates\sab_template.shp,WIRECENTER,-1,-1;SAC "SAC" true true false 6 Text 0 0 ,First,#,D:\testings\SAB\SAB_phase2\process_folder\Final_Templates\sab_template.shp,SAC,-1,-1;STATE "STATE" true true false 2 Text 0 0 ,First,#,D:\testings\SAB\SAB_phase2\process_folder\Final_Templates\sab_template.shp,STATE,-1,-1;FROZEN "FROZEN" true true false 1 Text 0 0 ,First,#,D:\testings\SAB\SAB_phase2\process_folder\Final_Templates\sab_template.shp,FROZEN,-1,-1;BOUND_TYPE "BOUND_TYPE" true true false 2 Text 0 0 ,First,#,D:\testings\SAB\SAB_phase2\process_folder\Final_Templates\sab_template.shp,BOUND_TYPE,-1,-1" #</Process><Process ToolSource="c:\program files (x86)\arcgis\desktop10.2\ArcToolbox\Toolboxes\Conversion Tools.tbx\FeatureClassToFeatureClass" Date="20140411" Time="150127">FeatureClassToFeatureClass D:\testings\SAB\SAB_phase2\process_folder\SAB.gdb\sab_exchange_template D:\testings\SAB\SAB_phase2\process_folder\SAB.gdb SABs_exchange # "OCN "OCN" true true false 4 Text 0 0 ,First,#,D:\testings\SAB\SAB_phase2\process_folder\SAB.gdb\sab_exchange_template,OCN,-1,-1;CO_NAME "CO_NAME" true true false 254 Text 0 0 ,First,#,D:\testings\SAB\SAB_phase2\process_folder\SAB.gdb\sab_exchange_template,CO_NAME,-1,-1;EXCHANGE "EXCHANGE" true true false 254 Text 0 0 ,First,#,D:\testings\SAB\SAB_phase2\process_folder\SAB.gdb\sab_exchange_template,EXCHANGE,-1,-1;WIRECENTER "WIRECENTER" true true false 8 Text 0 0 ,First,#,D:\testings\SAB\SAB_phase2\process_folder\SAB.gdb\sab_exchange_template,WIRECENTER,-1,-1;SAC "SAC" true true false 6 Text 0 0 ,First,#,D:\testings\SAB\SAB_phase2\process_folder\SAB.gdb\sab_exchange_template,SAC,-1,-1;STATE "STATE" true true false 2 Text 0 0 ,First,#,D:\testings\SAB\SAB_phase2\process_folder\SAB.gdb\sab_exchange_template,STATE,-1,-1;FROZEN "FROZEN" true true false 1 Text 0 0 ,First,#,D:\testings\SAB\SAB_phase2\process_folder\SAB.gdb\sab_exchange_template,FROZEN,-1,-1;BOUND_TYPE "BOUND_TYPE" true true false 2 Text 0 0 ,First,#,D:\testings\SAB\SAB_phase2\process_folder\SAB.gdb\sab_exchange_template,BOUND_TYPE,-1,-1;Shape_Length "Shape_Length" false true true 8 Double 0 0 ,First,#,D:\testings\SAB\SAB_phase2\process_folder\SAB.gdb\sab_exchange_template,Shape_Length,-1,-1;Shape_Area "Shape_Area" false true true 8 Double 0 0 ,First,#,D:\testings\SAB\SAB_phase2\process_folder\SAB.gdb\sab_exchange_template,Shape_Area,-1,-1" #</Process><Process ToolSource="c:\program files (x86)\arcgis\desktop10.2\ArcToolbox\Toolboxes\Data Management Tools.tbx\DeleteFeatures" Date="20140411" Time="150221">DeleteFeatures Exchange_layer</Process><Process ToolSource="c:\program files (x86)\arcgis\desktop10.2\ArcToolbox\Toolboxes\Data Management Tools.tbx\Merge" Date="20140414" Time="103311">Merge D:\testings\SAB\SAB_phase2\process_folder\SAB.gdb\SABs_exchange_1;D:\testings\SAB\SAB_phase2\process_folder\SAB.gdb\SABs_exchange_2 D:\testings\SAB\SAB_phase2\process_folder\SAB.gdb\SABs_exchange "OCN "OCN" true true false 4 Text 0 0 ,First,#,D:\testings\SAB\SAB_phase2\process_folder\SAB.gdb\SABs_exchange_1,OCN,-1,-1,D:\testings\SAB\SAB_phase2\process_folder\SAB.gdb\SABs_exchange_2,OCN,-1,-1;CO_NAME "CO_NAME" true true false 254 Text 0 0 ,First,#,D:\testings\SAB\SAB_phase2\process_folder\SAB.gdb\SABs_exchange_1,CO_NAME,-1,-1,D:\testings\SAB\SAB_phase2\process_folder\SAB.gdb\SABs_exchange_2,CO_NAME,-1,-1;EXCHANGE "EXCHANGE" true true false 254 Text 0 0 ,First,#,D:\testings\SAB\SAB_phase2\process_folder\SAB.gdb\SABs_exchange_1,EXCHANGE,-1,-1,D:\testings\SAB\SAB_phase2\process_folder\SAB.gdb\SABs_exchange_2,EXCHANGE,-1,-1;WIRECENTER "WIRECENTER" true true false 8 Text 0 0 ,First,#,D:\testings\SAB\SAB_phase2\process_folder\SAB.gdb\SABs_exchange_1,WIRECENTER,-1,-1,D:\testings\SAB\SAB_phase2\process_folder\SAB.gdb\SABs_exchange_2,WIRECENTER,-1,-1;SAC "SAC" true true false 6 Text 0 0 ,First,#,D:\testings\SAB\SAB_phase2\process_folder\SAB.gdb\SABs_exchange_1,SAC,-1,-1,D:\testings\SAB\SAB_phase2\process_folder\SAB.gdb\SABs_exchange_2,SAC,-1,-1;STATE "STATE" true true false 2 Text 0 0 ,First,#,D:\testings\SAB\SAB_phase2\process_folder\SAB.gdb\SABs_exchange_1,STATE,-1,-1,D:\testings\SAB\SAB_phase2\process_folder\SAB.gdb\SABs_exchange_2,STATE,-1,-1;FROZEN "FROZEN" true true false 1 Text 0 0 ,First,#,D:\testings\SAB\SAB_phase2\process_folder\SAB.gdb\SABs_exchange_1,FROZEN,-1,-1,D:\testings\SAB\SAB_phase2\process_folder\SAB.gdb\SABs_exchange_2,FROZEN,-1,-1;BOUND_TYPE "BOUND_TYPE" true true false 2 Text 0 0 ,First,#,D:\testings\SAB\SAB_phase2\process_folder\SAB.gdb\SABs_exchange_1,BOUND_TYPE,-1,-1,D:\testings\SAB\SAB_phase2\process_folder\SAB.gdb\SABs_exchange_2,BOUND_TYPE,-1,-1;Shape_Length "Shape_Length" false true true 8 Double 0 0 ,First,#,D:\testings\SAB\SAB_phase2\process_folder\SAB.gdb\SABs_exchange_1,Shape_Length,-1,-1,D:\testings\SAB\SAB_phase2\process_folder\SAB.gdb\SABs_exchange_2,Shape_Length,-1,-1;Shape_Area "Shape_Area" false true true 8 Double 0 0 ,First,#,D:\testings\SAB\SAB_phase2\process_folder\SAB.gdb\SABs_exchange_1,Shape_Area,-1,-1,D:\testings\SAB\SAB_phase2\process_folder\SAB.gdb\SABs_exchange_2,Shape_Area,-1,-1;gis_area "gis_area" true true false 8 Double 0 0 ,First,#,D:\testings\SAB\SAB_phase2\process_folder\SAB.gdb\SABs_exchange_1,gis_area,-1,-1"</Process><Process ToolSource="c:\program files (x86)\arcgis\desktop10.2\ArcToolbox\Toolboxes\Data Management Tools.tbx\CalculateField" Date="20140423" Time="074507">CalculateField exchanges EXCHANGE "COLORADO CITY" VB #</Process><Process ToolSource="c:\program files (x86)\arcgis\desktop10.2\ArcToolbox\Toolboxes\Data Management Tools.tbx\CalculateField" Date="20140423" Time="074624">CalculateField exchanges SAC "502286" VB #</Process><Process ToolSource="c:\program files (x86)\arcgis\desktop10.2\ArcToolbox\Toolboxes\Data Management Tools.tbx\CalculateField" Date="20140423" Time="074756">CalculateField exchanges CO_NAME "ENMR TEL COOP INC-NM" VB #</Process></lineage></DataProperties><SyncDate>20140414</SyncDate><SyncTime>10330400</SyncTime><ModDate>20140414</ModDate><ModTime>10330400</ModTime></Esri><dataIdInfo><envirDesc Sync="TRUE">Microsoft Windows Server 2008 R2 Version 6.1 (Build 7601) Service Pack 1; Esri ArcGIS 10.2.0.3348</envirDesc><dataLang><languageCode value="eng" Sync="TRUE"></languageCode><countryCode value="USA" Sync="TRUE"></countryCode></dataLang><idCitation><resTitle Sync="TRUE">SABs_exchange</resTitle><presForm><PresFormCd value="005" Sync="TRUE"></PresFormCd></presForm></idCitation><spatRpType><SpatRepTypCd value="001" Sync="TRUE"></SpatRepTypCd></spatRpType></dataIdInfo><mdLang><languageCode value="eng" Sync="TRUE"></languageCode><countryCode value="USA" Sync="TRUE"></countryCode></mdLang><distInfo><distFormat><formatName Sync="TRUE">File Geodatabase Feature Class</formatName></distFormat></distInfo><mdHrLv><ScopeCd value="005" Sync="TRUE"></ScopeCd></mdHrLv><mdHrLvName Sync="TRUE">dataset</mdHrLvName><refSysInfo><RefSystem><refSysID><identCode code="4326" Sync="TRUE"></identCode><idCodeSpace Sync="TRUE">EPSG</idCodeSpace><idVersion Sync="TRUE">8.1.1</idVersion></refSysID></RefSystem></refSysInfo><spatRepInfo><VectSpatRep><geometObjs Name="SABs_exchange"><geoObjTyp><GeoObjTypCd value="002" Sync="TRUE"></GeoObjTypCd></geoObjTyp><geoObjCnt Sync="TRUE">0</geoObjCnt></geometObjs><topLvl><TopoLevCd value="001" Sync="TRUE"></TopoLevCd></topLvl></VectSpatRep></spatRepInfo><spdoinfo><ptvctinf><esriterm Name="SABs_exchange"><efeatyp Sync="TRUE">Simple</efeatyp><efeageom code="4" Sync="TRUE"></efeageom><esritopo Sync="TRUE">FALSE</esritopo><efeacnt Sync="TRUE">0</efeacnt><spindex Sync="TRUE">TRUE</spindex><linrefer Sync="TRUE">FALSE</linrefer></esriterm></ptvctinf></spdoinfo><eainfo><detailed Name="SABs_exchange"><enttyp><enttypl Sync="TRUE">SABs_exchange</enttypl><enttypt Sync="TRUE">Feature Class</enttypt><enttypc Sync="TRUE">0</enttypc></enttyp><attr><attrlabl Sync="TRUE">OBJECTID</attrlabl><attalias Sync="TRUE">OBJECTID</attalias><attrtype Sync="TRUE">OID</attrtype><attwidth Sync="TRUE">4</attwidth><atprecis Sync="TRUE">0</atprecis><attscale Sync="TRUE">0</attscale><attrdef Sync="TRUE">Internal feature number.</attrdef><attrdefs Sync="TRUE">Esri</attrdefs><attrdomv><udom Sync="TRUE">Sequential unique whole numbers that are automatically generated.</udom></attrdomv></attr><attr><attrlabl Sync="TRUE">Shape</attrlabl><attalias Sync="TRUE">Shape</attalias><attrtype Sync="TRUE">Geometry</attrtype><attwidth Sync="TRUE">0</attwidth><atprecis Sync="TRUE">0</atprecis><attscale Sync="TRUE">0</attscale><attrdef Sync="TRUE">Feature geometry.</attrdef><attrdefs Sync="TRUE">Esri</attrdefs><attrdomv><udom Sync="TRUE">Coordinates defining the features.</udom></attrdomv></attr><attr><attrlabl Sync="TRUE">OCN</attrlabl><attalias Sync="TRUE">OCN</attalias><attrtype Sync="TRUE">String</attrtype><attwidth Sync="TRUE">4</attwidth><atprecis Sync="TRUE">0</atprecis><attscale Sync="TRUE">0</attscale></attr><attr><attrlabl Sync="TRUE">CO_NAME</attrlabl><attalias Sync="TRUE">CO_NAME</attalias><attrtype Sync="TRUE">String</attrtype><attwidth Sync="TRUE">254</attwidth><atprecis Sync="TRUE">0</atprecis><attscale Sync="TRUE">0</attscale></attr><attr><attrlabl Sync="TRUE">EXCHANGE</attrlabl><attalias Sync="TRUE">EXCHANGE</attalias><attrtype Sync="TRUE">String</attrtype><attwidth Sync="TRUE">254</attwidth><atprecis Sync="TRUE">0</atprecis><attscale Sync="TRUE">0</attscale></attr><attr><attrlabl Sync="TRUE">WIRECENTER</attrlabl><attalias Sync="TRUE">WIRECENTER</attalias><attrtype Sync="TRUE">String</attrtype><attwidth Sync="TRUE">8</attwidth><atprecis Sync="TRUE">0</atprecis><attscale Sync="TRUE">0</attscale></attr><attr><attrlabl Sync="TRUE">SAC</attrlabl><attalias Sync="TRUE">SAC</attalias><attrtype Sync="TRUE">String</attrtype><attwidth Sync="TRUE">6</attwidth><atprecis Sync="TRUE">0</atprecis><attscale Sync="TRUE">0</attscale></attr><attr><attrlabl Sync="TRUE">STATE</attrlabl><attalias Sync="TRUE">STATE</attalias><attrtype Sync="TRUE">String</attrtype><attwidth Sync="TRUE">2</attwidth><atprecis Sync="TRUE">0</atprecis><attscale Sync="TRUE">0</attscale></attr><attr><attrlabl Sync="TRUE">FROZEN</attrlabl><attalias Sync="TRUE">FROZEN</attalias><attrtype Sync="TRUE">String</attrtype><attwidth Sync="TRUE">1</attwidth><atprecis Sync="TRUE">0</atprecis><attscale Sync="TRUE">0</attscale></attr><attr><attrlabl Sync="TRUE">BOUND_TYPE</attrlabl><attalias Sync="TRUE">BOUND_TYPE</attalias><attrtype Sync="TRUE">String</attrtype><attwidth Sync="TRUE">2</attwidth><atprecis Sync="TRUE">0</atprecis><attscale Sync="TRUE">0</attscale></attr><attr><attrlabl Sync="TRUE">gis_area</attrlabl><attalias Sync="TRUE">gis_area</attalias><attrtype Sync="TRUE">Double</attrtype><attwidth Sync="TRUE">8</attwidth><atprecis Sync="TRUE">0</atprecis><attscale Sync="TRUE">0</attscale></attr><attr><attrlabl Sync="TRUE">Shape_Length</attrlabl><attalias Sync="TRUE">Shape_Length</attalias><attrtype Sync="TRUE">Double</attrtype><attwidth Sync="TRUE">8</attwidth><atprecis Sync="TRUE">0</atprecis><attscale Sync="TRUE">0</attscale><attrdef Sync="TRUE">Length of feature in internal units.</attrdef><attrdefs Sync="TRUE">Esri</attrdefs><attrdomv><udom Sync="TRUE">Positive real numbers that are automatically generated.</udom></attrdomv></attr><attr><attrlabl Sync="TRUE">Shape_Area</attrlabl><attalias Sync="TRUE">Shape_Area</attalias><attrtype Sync="TRUE">Double</attrtype><attwidth Sync="TRUE">8</attwidth><atprecis Sync="TRUE">0</atprecis><attscale Sync="TRUE">0</attscale><attrdef Sync="TRUE">Area of feature in internal units squared.</attrdef><attrdefs Sync="TRUE">Esri</attrdefs><attrdomv><udom Sync="TRUE">Positive real numbers that are automatically generated.</udom></attrdomv></attr></detailed></eainfo><mdDateSt Sync="TRUE">20140414</mdDateSt></metadata>
