<?xml version="1.0" encoding="UTF-8"?>
<metadata xml:lang="en"><Esri><CreaDate>20150325</CreaDate><CreaTime>13331200</CreaTime><ArcGISFormat>1.0</ArcGISFormat><SyncOnce>TRUE</SyncOnce><DataProperties><lineage><Process ToolSource="c:\program files (x86)\arcgis\desktop10.2\ArcToolbox\Toolboxes\Data Management Tools.tbx\DeleteFeatures" Date="20150127" Time="144735">DeleteFeatures SAB_layer</Process><Process ToolSource="c:\program files (x86)\arcgis\desktop10.3\ArcToolbox\Toolboxes\Data Management Tools.tbx\CalculateField" Date="20150204" Time="131816">CalculateField study_areas_all VERSION "B" VB #</Process><Process ToolSource="c:\program files (x86)\arcgis\desktop10.3\ArcToolbox\Toolboxes\Data Management Tools.tbx\CalculateField" Date="20150209" Time="142838">CalculateField study_areas_all AREA_SQMI "[SAC_area] *.0000003861" VB #</Process></lineage><itemProps><itemLocation><linkage Sync="TRUE">file://\\P028357\C$\Users\john.emmett\Documents\GitHub\study_areas_v1.3</linkage><protocol Sync="TRUE">Local Area Network</protocol></itemLocation></itemProps><copyHistory><copy source="C:\Workspace\study_areas_v1.3" dest="\\P028357\C$\Users\john.emmett\Documents\GitHub\study_areas_v1.3" date="20150325" time="13331200"></copy></copyHistory></DataProperties></Esri></metadata>
