<?xml version="1.0" encoding="UTF-8"?>
<metadata xml:lang="en"><Esri><CreaDate>20131216</CreaDate><CreaTime>13422300</CreaTime><SyncOnce>TRUE</SyncOnce><DataProperties><lineage><Process ToolSource="C:\Program Files (x86)\ArcGIS\Desktop10.0\ArcToolbox\Toolboxes\Data Management Tools.tbx\CreateFeatureclass" Date="20131212" Time="160958">CreateFeatureclass D:\testings\SAB\SAB_phase2\SAB.gdb SABs_overlaps POLYGON D:\testings\SAB\SAB_phase2\SAB.gdb\SABs_Identity_Dissolve DISABLED DISABLED "GEOGCS['GCS_WGS_1984',DATUM['D_WGS_1984',SPHEROID['WGS_1984',6378137.0,298.257223563]],PRIMEM['Greenwich',0.0],UNIT['Degree',0.0174532925199433]];-400 -400 1000000000;-100000 10000;-100000 10000;8.98315284119522E-09;0.001;0.001;IsHighPrecision" # 0 0 0</Process><Process ToolSource="C:\Program Files (x86)\ArcGIS\Desktop10.0\ArcToolbox\Toolboxes\Data Management Tools.tbx\AddField" Date="20131212" Time="161323">AddField OverlapTb CO_NAME TEXT # # 254 # NULLABLE NON_REQUIRED #</Process><Process ToolSource="C:\Program Files (x86)\ArcGIS\Desktop10.0\ArcToolbox\Toolboxes\Data Management Tools.tbx\AddField" Date="20131212" Time="161323">AddField OverlapTb SAC TEXT # # 6 # NULLABLE NON_REQUIRED #</Process><Process ToolSource="C:\Program Files (x86)\ArcGIS\Desktop10.0\ArcToolbox\Toolboxes\Data Management Tools.tbx\AddField" Date="20131212" Time="161324">AddField OverlapTb STATE TEXT # # 2 # NULLABLE NON_REQUIRED #</Process><Process ToolSource="C:\Program Files (x86)\ArcGIS\Desktop10.0\ArcToolbox\Toolboxes\Data Management Tools.tbx\AddField" Date="20131212" Time="161324">AddField OverlapTb SAC_area DOUBLE # # # # NULLABLE NON_REQUIRED #</Process><Process ToolSource="C:\Program Files (x86)\ArcGIS\Desktop10.0\ArcToolbox\Toolboxes\Data Management Tools.tbx\AddField" Date="20131212" Time="161324">AddField OverlapTb pct DOUBLE # # # # NULLABLE NON_REQUIRED #</Process><Process ToolSource="C:\Program Files (x86)\ArcGIS\Desktop10.0\ArcToolbox\Toolboxes\Data Management Tools.tbx\AddField" Date="20131212" Time="161324">AddField OverlapTb CO_NAME_1 TEXT # # 254 # NULLABLE NON_REQUIRED #</Process><Process ToolSource="C:\Program Files (x86)\ArcGIS\Desktop10.0\ArcToolbox\Toolboxes\Data Management Tools.tbx\AddField" Date="20131212" Time="161324">AddField OverlapTb SAC_1 TEXT # # 6 # NULLABLE NON_REQUIRED #</Process><Process ToolSource="C:\Program Files (x86)\ArcGIS\Desktop10.0\ArcToolbox\Toolboxes\Data Management Tools.tbx\AddField" Date="20131212" Time="161324">AddField OverlapTb STATE_1 TEXT # # 2 # NULLABLE NON_REQUIRED #</Process><Process ToolSource="C:\Program Files (x86)\ArcGIS\Desktop10.0\ArcToolbox\Toolboxes\Data Management Tools.tbx\AddField" Date="20131212" Time="161324">AddField OverlapTb SAC_area_1 DOUBLE # # # # NULLABLE NON_REQUIRED #</Process><Process ToolSource="C:\Program Files (x86)\ArcGIS\Desktop10.0\ArcToolbox\Toolboxes\Data Management Tools.tbx\AddField" Date="20131212" Time="161324">AddField OverlapTb pct_1 DOUBLE # # # # NULLABLE NON_REQUIRED #</Process><Process ToolSource="C:\Program Files (x86)\ArcGIS\Desktop10.0\ArcToolbox\Toolboxes\Data Management Tools.tbx\AddField" Date="20131212" Time="161325">AddField OverlapTb att_11 TEXT # # 1 # NULLABLE NON_REQUIRED #</Process><Process ToolSource="C:\Program Files (x86)\ArcGIS\Desktop10.0\ArcToolbox\Toolboxes\Data Management Tools.tbx\CalculateField" Date="20131216" Time="095225">CalculateField overlaps_select SAC_A [SAC] VB #</Process><Process ToolSource="C:\Program Files (x86)\ArcGIS\Desktop10.0\ArcToolbox\Toolboxes\Data Management Tools.tbx\CalculateField" Date="20131216" Time="095249">CalculateField overlaps_select SAC_A_SQMI "[SAC_area] * .0000003861" VB #</Process><Process ToolSource="C:\Program Files (x86)\ArcGIS\Desktop10.0\ArcToolbox\Toolboxes\Data Management Tools.tbx\CalculateField" Date="20131216" Time="095257">CalculateField overlaps_select SAC_B [SAC_1] VB #</Process><Process ToolSource="C:\Program Files (x86)\ArcGIS\Desktop10.0\ArcToolbox\Toolboxes\Data Management Tools.tbx\CalculateField" Date="20131216" Time="095314">CalculateField overlaps_select SAC_B_SQMI "[SAC_area_1] * .0000003861" VB #</Process><Process ToolSource="C:\Program Files (x86)\ArcGIS\Desktop10.0\ArcToolbox\Toolboxes\Data Management Tools.tbx\CalculateField" Date="20131216" Time="095324">CalculateField overlaps_select OLAP_SQMI "[overlap_ar] * .0000003861" VB #</Process><Process ToolSource="C:\Program Files (x86)\ArcGIS\Desktop10.0\ArcToolbox\Toolboxes\Data Management Tools.tbx\CalculateField" Date="20131216" Time="095553">CalculateField overlaps_select CONC "[SAC_A] &amp;" " &amp; [COMPANY_A] &amp;"," &amp;" " &amp; [SAC_B] &amp;" " &amp; [COMPANY_B]" VB #</Process></lineage><itemProps><itemLocation><linkage Sync="TRUE">file://\\fccnet\data\Co-Share\WCB_GIS\Data\Recon_Map\Downloads\overlaps_novz</linkage><protocol Sync="TRUE">Local Area Network</protocol></itemLocation></itemProps><copyHistory><copy source="K:\Co-Share\WCB_GIS\Data\Recon_Map\recon_map_16dec13\overlaps_novz" dest="\\fccnet\data\Co-Share\WCB_GIS\Data\Recon_Map\Downloads\overlaps_novz" date="20131216" time="13422300"></copy></copyHistory></DataProperties><ArcGISstyle>FGDC CSDGM Metadata</ArcGISstyle></Esri></metadata>
