<?xml version="1.0" encoding="UTF-8"?>
<metadata xml:lang="en"><Esri><CreaDate>20140516</CreaDate><CreaTime>11530100</CreaTime><ArcGISFormat>1.0</ArcGISFormat><SyncOnce>TRUE</SyncOnce><DataProperties><lineage><Process ToolSource="c:\program files (x86)\arcgis\desktop10.2\ArcToolbox\Toolboxes\Data Management Tools.tbx\DeleteFeatures" Date="20140515" Time="113109">DeleteFeatures SAB_layer</Process><Process ToolSource="c:\program files (x86)\arcgis\desktop10.2\ArcToolbox\Toolboxes\Data Management Tools.tbx\CalculateField" Date="20140516" Time="114015">CalculateField sabs_16may14 AREA_SQMI "[SAC_area] *.000000386" VB #</Process></lineage><itemProps><itemLocation><linkage Sync="TRUE">file://\\fccnet\data\Co-Share\WCB_GIS\Data\Recon_Map\Downloads\study_areas</linkage><protocol Sync="TRUE">Local Area Network</protocol></itemLocation></itemProps><copyHistory><copy source="K:\Co-Share\WCB_GIS\Data\Recon_Map\recon_map_16may14\study_areas" dest="\\fccnet\data\Co-Share\WCB_GIS\Data\Recon_Map\Downloads\study_areas" date="20140516" time="11530100"></copy></copyHistory></DataProperties></Esri></metadata>
