<?xml version="1.0" encoding="UTF-8"?>
<metadata xml:lang="en"><Esri><CreaDate>20140527</CreaDate><CreaTime>08013100</CreaTime><ArcGISFormat>1.0</ArcGISFormat><SyncOnce>TRUE</SyncOnce><DataProperties><lineage><Process ToolSource="c:\program files (x86)\arcgis\desktop10.2\ArcToolbox\Toolboxes\Data Management Tools.tbx\DeleteFeatures" Date="20140515" Time="113109">DeleteFeatures SAB_layer</Process><Process ToolSource="c:\program files (x86)\arcgis\desktop10.2\ArcToolbox\Toolboxes\Data Management Tools.tbx\CalculateField" Date="20140516" Time="114015">CalculateField sabs_16may14 AREA_SQMI "[SAC_area] *.000000386" VB #</Process><Process ToolSource="c:\program files (x86)\arcgis\desktop10.2\ArcToolbox\Toolboxes\Data Management Tools.tbx\CalculateField" Date="20140527" Time="075520">CalculateField study_areas STATE "IA" VB #</Process><Process ToolSource="c:\program files (x86)\arcgis\desktop10.2\ArcToolbox\Toolboxes\Data Management Tools.tbx\CalculateField" Date="20140527" Time="075536">CalculateField study_areas CO_NAME "QWEST CORP-IA" VB #</Process><Process ToolSource="c:\program files (x86)\arcgis\desktop10.2\ArcToolbox\Toolboxes\Data Management Tools.tbx\CalculateField" Date="20140527" Time="075554">CalculateField study_areas AREA_SQMI "12258.7" VB #</Process></lineage><itemProps><itemLocation><linkage Sync="TRUE">file://\\P2PWCB01\D$\testings\SAB\SAB_phase2\final\05-09-2014\SAB.gdb</linkage><protocol Sync="TRUE">Local Area Network</protocol></itemLocation></itemProps></DataProperties></Esri></metadata>
