<?xml version="1.0" encoding="UTF-8"?>
<metadata xml:lang="en"><Esri><CreaDate>20131216</CreaDate><CreaTime>13424000</CreaTime><ArcGISstyle>FGDC CSDGM Metadata</ArcGISstyle><SyncOnce>FALSE</SyncOnce><DataProperties><itemProps><itemLocation><linkage Sync="TRUE">file://\\fccnet\data\Co-Share\WCB_GIS\Data\Recon_Map\Downloads\study_areas</linkage><protocol Sync="TRUE">Local Area Network</protocol></itemLocation><itemName Sync="TRUE">test</itemName><imsContentType Sync="TRUE" export="False">002</imsContentType><nativeExtBox><westBL Sync="TRUE">-104.050040</westBL><eastBL Sync="TRUE">-96.554411</eastBL><southBL Sync="TRUE">45.935072</southBL><northBL Sync="TRUE">49.000692</northBL><exTypeCode Sync="TRUE">1</exTypeCode></nativeExtBox><itemSize Sync="TRUE">0.000</itemSize></itemProps><copyHistory><copy source="K:\Co-Share\WCB_GIS\Data\Recon_Map\recon_map_16dec13\study_areas" dest="\\fccnet\data\Co-Share\WCB_GIS\Data\Recon_Map\Downloads\study_areas" date="20131216" time="13424000"/></copyHistory><coordRef><type Sync="TRUE">Projected</type><geogcsn Sync="TRUE">GCS_North_American_1983</geogcsn><csUnits Sync="TRUE">Linear Unit: Meter (1.000000)</csUnits><peXml Sync="TRUE">&lt;ProjectedCoordinateSystem xsi:type='typens:ProjectedCoordinateSystem' xmlns:xsi='http://www.w3.org/2001/XMLSchema-instance' xmlns:xs='http://www.w3.org/2001/XMLSchema' xmlns:typens='http://www.esri.com/schemas/ArcGIS/10.0'&gt;&lt;WKT&gt;PROJCS[&amp;quot;North_America_Albers_Equal_Area_Conic&amp;quot;,GEOGCS[&amp;quot;GCS_North_American_1983&amp;quot;,DATUM[&amp;quot;D_North_American_1983&amp;quot;,SPHEROID[&amp;quot;GRS_1980&amp;quot;,6378137.0,298.257222101]],PRIMEM[&amp;quot;Greenwich&amp;quot;,0.0],UNIT[&amp;quot;Degree&amp;quot;,0.0174532925199433]],PROJECTION[&amp;quot;Albers&amp;quot;],PARAMETER[&amp;quot;False_Easting&amp;quot;,0.0],PARAMETER[&amp;quot;False_Northing&amp;quot;,0.0],PARAMETER[&amp;quot;Central_Meridian&amp;quot;,-96.0],PARAMETER[&amp;quot;Standard_Parallel_1&amp;quot;,20.0],PARAMETER[&amp;quot;Standard_Parallel_2&amp;quot;,60.0],PARAMETER[&amp;quot;Latitude_Of_Origin&amp;quot;,40.0],UNIT[&amp;quot;Meter&amp;quot;,1.0],AUTHORITY[&amp;quot;ESRI&amp;quot;,102008]]&lt;/WKT&gt;&lt;XOrigin&gt;-16688100&lt;/XOrigin&gt;&lt;YOrigin&gt;-9068200&lt;/YOrigin&gt;&lt;XYScale&gt;269868926.20313245&lt;/XYScale&gt;&lt;ZOrigin&gt;-100000&lt;/ZOrigin&gt;&lt;ZScale&gt;10000&lt;/ZScale&gt;&lt;MOrigin&gt;-100000&lt;/MOrigin&gt;&lt;MScale&gt;10000&lt;/MScale&gt;&lt;XYTolerance&gt;0.001&lt;/XYTolerance&gt;&lt;ZTolerance&gt;0.001&lt;/ZTolerance&gt;&lt;MTolerance&gt;0.001&lt;/MTolerance&gt;&lt;HighPrecision&gt;true&lt;/HighPrecision&gt;&lt;WKID&gt;102008&lt;/WKID&gt;&lt;/ProjectedCoordinateSystem&gt;</peXml><projcsn Sync="TRUE">North_America_Albers_Equal_Area_Conic</projcsn></coordRef><lineage><Process ToolSource="c:\program files (x86)\arcgis\desktop10.0\ArcToolbox\Toolboxes\Conversion Tools.tbx\FeatureClassToFeatureClass" Date="20130524" Time="094736" Name="" export="">FeatureClassToFeatureClass Z:\Broadband\BBND\Exchange_Boundary\FinalDeliverables\nd_sab.shp Z:\Broadband\BBND\Exchange_Boundary\NDExcBndPolygonsFinal.gdb nd_sab # "Id "Id" true true false 6 Long 0 6 ,First,#,Z:\Broadband\BBND\Exchange_Boundary\FinalDeliverables\nd_sab.shp,Id,-1,-1;OCN "OCN" true true false 4 Text 0 0 ,First,#,Z:\Broadband\BBND\Exchange_Boundary\FinalDeliverables\nd_sab.shp,OCN,-1,-1;CO_NAME "CO_NAME" true true false 254 Text 0 0 ,First,#,Z:\Broadband\BBND\Exchange_Boundary\FinalDeliverables\nd_sab.shp,CO_NAME,-1,-1;EXCHANGE "EXCHANGE" true true false 254 Text 0 0 ,First,#,Z:\Broadband\BBND\Exchange_Boundary\FinalDeliverables\nd_sab.shp,EXCHANGE,-1,-1;WIRECENTER "WIRECENTER" true true false 8 Text 0 0 ,First,#,Z:\Broadband\BBND\Exchange_Boundary\FinalDeliverables\nd_sab.shp,WIRECENTER,-1,-1;SAC "SAC" true true false 6 Text 0 0 ,First,#,Z:\Broadband\BBND\Exchange_Boundary\FinalDeliverables\nd_sab.shp,SAC,-1,-1;STATE "STATE" true true false 2 Text 0 0 ,First,#,Z:\Broadband\BBND\Exchange_Boundary\FinalDeliverables\nd_sab.shp,STATE,-1,-1;FROZEN "FROZEN" true true false 1 Text 0 0 ,First,#,Z:\Broadband\BBND\Exchange_Boundary\FinalDeliverables\nd_sab.shp,FROZEN,-1,-1;BOUND_TYPE "BOUND_TYPE" true true false 2 Text 0 0 ,First,#,Z:\Broadband\BBND\Exchange_Boundary\FinalDeliverables\nd_sab.shp,BOUND_TYPE,-1,-1" #</Process><Process ToolSource="c:\program files (x86)\arcgis\desktop10.0\ArcToolbox\Toolboxes\Conversion Tools.tbx\FeatureClassToFeatureClass" Date="20130524" Time="095223" Name="" export="">FeatureClassToFeatureClass Z:\Broadband\BBND\Exchange_Boundary\NDExcBndPolygonsFinal.gdb\nd_sab Z:\Broadband\BBND\Exchange_Boundary\FinalDeliverables nd_sab.shp # "Id "Id" true true false 4 Long 0 0 ,First,#,Z:\Broadband\BBND\Exchange_Boundary\NDExcBndPolygonsFinal.gdb\nd_sab,Id,-1,-1;OCN "OCN" true true false 4 Text 0 0 ,First,#,Z:\Broadband\BBND\Exchange_Boundary\NDExcBndPolygonsFinal.gdb\nd_sab,OCN,-1,-1;CO_NAME "CO_NAME" true true false 254 Text 0 0 ,First,#,Z:\Broadband\BBND\Exchange_Boundary\NDExcBndPolygonsFinal.gdb\nd_sab,CO_NAME,-1,-1;EXCHANGE "EXCHANGE" true true false 254 Text 0 0 ,First,#,Z:\Broadband\BBND\Exchange_Boundary\NDExcBndPolygonsFinal.gdb\nd_sab,EXCHANGE,-1,-1;WIRECENTER "WIRECENTER" true true false 8 Text 0 0 ,First,#,Z:\Broadband\BBND\Exchange_Boundary\NDExcBndPolygonsFinal.gdb\nd_sab,WIRECENTER,-1,-1;SAC "SAC" true true false 6 Text 0 0 ,First,#,Z:\Broadband\BBND\Exchange_Boundary\NDExcBndPolygonsFinal.gdb\nd_sab,SAC,-1,-1;STATE "STATE" true true false 2 Text 0 0 ,First,#,Z:\Broadband\BBND\Exchange_Boundary\NDExcBndPolygonsFinal.gdb\nd_sab,STATE,-1,-1;FROZEN "FROZEN" true true false 1 Text 0 0 ,First,#,Z:\Broadband\BBND\Exchange_Boundary\NDExcBndPolygonsFinal.gdb\nd_sab,FROZEN,-1,-1;BOUND_TYPE "BOUND_TYPE" true true false 2 Text 0 0 ,First,#,Z:\Broadband\BBND\Exchange_Boundary\NDExcBndPolygonsFinal.gdb\nd_sab,BOUND_TYPE,-1,-1;Shape_Leng "Shape_Length" false true true 8 Double 0 0 ,First,#,Z:\Broadband\BBND\Exchange_Boundary\NDExcBndPolygonsFinal.gdb\nd_sab,Shape_Length,-1,-1;Shape_Area "Shape_Area" false true true 8 Double 0 0 ,First,#,Z:\Broadband\BBND\Exchange_Boundary\NDExcBndPolygonsFinal.gdb\nd_sab,Shape_Area,-1,-1" #</Process><Process ToolSource="c:\program files (x86)\arcgis\desktop10.0\ArcToolbox\Toolboxes\Data Management Tools.tbx\Merge" Date="20131216" Time="130237">Merge 381637;dissolve_552356;dissolve_542339;391671;dissolve_391674;study_areas C:\Workspace\Local_Projects\Overlap_Map\13DEC13\study_areas_merge.shp "Id "Id" true true false 9 Long 0 9 ,First,#,381637,Id,-1,-1,391671,Id,-1,-1;OCN "OCN" true true false 4 Text 0 0 ,First,#,381637,OCN,-1,-1,391671,OCN,-1,-1;CO_NAME "CO_NAME" true true false 254 Text 0 0 ,First,#,381637,CO_NAME,-1,-1,391671,CO_NAME,-1,-1,study_areas,CO_NAME,-1,-1;EXCHANGE "EXCHANGE" true true false 254 Text 0 0 ,First,#,381637,EXCHANGE,-1,-1,391671,EXCHANGE,-1,-1;WIRECENTER "WIRECENTER" true true false 8 Text 0 0 ,First,#,381637,WIRECENTER,-1,-1,391671,WIRECENTER,-1,-1;SAC "SAC" true true false 6 Text 0 0 ,First,#,381637,SAC,-1,-1,dissolve_552356,SAC,-1,-1,dissolve_542339,SAC,-1,-1,391671,SAC,-1,-1,dissolve_391674,SAC,-1,-1,study_areas,SAC,-1,-1;STATE "STATE" true true false 2 Text 0 0 ,First,#,381637,STATE,-1,-1,391671,STATE,-1,-1,study_areas,STATE,-1,-1;FROZEN "FROZEN" true true false 1 Text 0 0 ,First,#,381637,FROZEN,-1,-1,391671,FROZEN,-1,-1;BOUND_TYPE "BOUND_TYPE" true true false 2 Text 0 0 ,First,#,381637,BOUND_TYPE,-1,-1,391671,BOUND_TYPE,-1,-1;Shape_Leng "Shape_Leng" true true false 19 Double 0 0 ,First,#,381637,Shape_Leng,-1,-1,391671,Shape_Leng,-1,-1;Shape_Area "Shape_Area" true true false 19 Double 0 0 ,First,#,381637,Shape_Area,-1,-1,391671,Shape_area,-1,-1;OBJECTID "OBJECTID" true true false 10 Double 0 10 ,First,#,391671,OBJECTID,-1,-1;Shape_len "Shape_len" true true false 19 Double 0 0 ,First,#,391671,Shape_len,-1,-1;AREA_SQMI "AREA_SQMI" true true false 13 Float 0 0 ,First,#,study_areas,AREA_SQMI,-1,-1"</Process><Process ToolSource="c:\program files (x86)\arcgis\desktop10.0\ArcToolbox\Toolboxes\Data Management Tools.tbx\Dissolve" Date="20131216" Time="130805">Dissolve study_areas_merge C:\Workspace\Local_Projects\Overlap_Map\13DEC13\merge_dissolve.shp SAC # MULTI_PART DISSOLVE_LINES</Process><Process ToolSource="c:\program files (x86)\arcgis\desktop10.0\ArcToolbox\Toolboxes\Data Management Tools.tbx\Dissolve" Date="20131216" Time="131304">Dissolve merge_dissolve C:\Workspace\Local_Projects\Overlap_Map\13DEC13\merge_dissolve_2.shp SAC # MULTI_PART DISSOLVE_LINES</Process><Process ToolSource="c:\program files (x86)\arcgis\desktop10.0\ArcToolbox\Toolboxes\Data Management Tools.tbx\Project" Date="20131216" Time="131829">Project merge_dissolve_2 C:\Workspace\scratch.gdb\study_areas_albers PROJCS['North_America_Albers_Equal_Area_Conic',GEOGCS['GCS_North_American_1983',DATUM['D_North_American_1983',SPHEROID['GRS_1980',6378137.0,298.257222101]],PRIMEM['Greenwich',0.0],UNIT['Degree',0.0174532925199433]],PROJECTION['Albers'],PARAMETER['False_Easting',0.0],PARAMETER['False_Northing',0.0],PARAMETER['Central_Meridian',-96.0],PARAMETER['Standard_Parallel_1',20.0],PARAMETER['Standard_Parallel_2',60.0],PARAMETER['Latitude_Of_Origin',40.0],UNIT['Meter',1.0]] NAD_1983_To_WGS_1984_1 GEOGCS['GCS_WGS_1984',DATUM['D_WGS_1984',SPHEROID['WGS_1984',6378137.0,298.257223563]],PRIMEM['Greenwich',0.0],UNIT['Degree',0.0174532925199433]]</Process><Process ToolSource="c:\program files (x86)\arcgis\desktop10.0\ArcToolbox\Toolboxes\Conversion Tools.tbx\FeatureClassToFeatureClass" Date="20131216" Time="132534">FeatureClassToFeatureClass C:\Workspace\scratch.gdb\study_areas_albers C:\Workspace\Local_Projects\Overlap_Map\13DEC13 test.shp # "SAC "SAC" true true false 6 Text 0 0 ,First,#,C:\Workspace\scratch.gdb\study_areas_albers,SAC,-1,-1;Shape_Leng "Shape_Length" false true true 8 Double 0 0 ,First,#,C:\Workspace\scratch.gdb\study_areas_albers,Shape_Length,-1,-1;Shape_Area "Shape_Area" false true true 8 Double 0 0 ,First,#,C:\Workspace\scratch.gdb\study_areas_albers,Shape_Area,-1,-1" #</Process><Process ToolSource="c:\program files (x86)\arcgis\desktop10.0\ArcToolbox\Toolboxes\Data Management Tools.tbx\Project" Date="20131216" Time="132938">Project test K:\Co-Share\WCB_GIS\Data\Recon_Map\recon_map_16dec13\study_areas.shp GEOGCS['GCS_WGS_1984',DATUM['D_WGS_1984',SPHEROID['WGS_1984',6378137.0,298.257223563]],PRIMEM['Greenwich',0.0],UNIT['Degree',0.0174532925199433]] NAD_1983_To_WGS_1984_1 PROJCS['North_America_Albers_Equal_Area_Conic',GEOGCS['GCS_North_American_1983',DATUM['D_North_American_1983',SPHEROID['GRS_1980',6378137.0,298.257222101]],PRIMEM['Greenwich',0.0],UNIT['Degree',0.0174532925199433]],PROJECTION['Albers'],PARAMETER['False_Easting',0.0],PARAMETER['False_Northing',0.0],PARAMETER['Central_Meridian',-96.0],PARAMETER['Standard_Parallel_1',20.0],PARAMETER['Standard_Parallel_2',60.0],PARAMETER['Latitude_Of_Origin',40.0],UNIT['Meter',1.0]]</Process></lineage></DataProperties><SyncDate>20131216</SyncDate><SyncTime>13251200</SyncTime><ModDate>20131216</ModDate><ModTime>13251200</ModTime><ArcGISProfile>ISO19139</ArcGISProfile></Esri><dataIdInfo><envirDesc Sync="TRUE">Microsoft Windows 7 Version 6.1 (Build 7601) Service Pack 1; ESRI ArcGIS 10.0.5.4400</envirDesc><dataLang><languageCode value="eng" Sync="TRUE"/><countryCode value="USA" Sync="TRUE"/></dataLang><idCitation xmlns=""><resTitle Sync="TRUE">test</resTitle><presForm xmlns=""><PresFormCd value="005" Sync="TRUE"/></presForm><citRespParty xmlns=""><rpIndName>Travis Durick </rpIndName><rpOrgName>Information Technology Department, State of North Dakota </rpOrgName><rpPosName>Broadband Technology Manager </rpPosName><role><RoleCd value="007"></RoleCd></role><rpCntInfo xmlns=""><cntAddress addressType=""><eMailAdd>tdurick@nd.gov</eMailAdd></cntAddress><cntPhone><voiceNum tddtty="">701-328-1125</voiceNum></cntPhone></rpCntInfo></citRespParty></idCitation><spatRpType><SpatRepTypCd value="001" Sync="TRUE"/></spatRpType><dataExt><geoEle><GeoBndBox esriExtentType="search"><exTypeCode Sync="TRUE">1</exTypeCode><westBL Sync="TRUE">-104.050040</westBL><eastBL Sync="TRUE">-96.554411</eastBL><northBL Sync="TRUE">49.000692</northBL><southBL Sync="TRUE">45.935072</southBL></GeoBndBox></geoEle></dataExt><idPurp>The North Dakota Public Service Commission collected study area boundary data including all applicable attribute information as outlined by the FCC on behalf of the incumbent LECs operating in the state. </idPurp><idAbs>&lt;DIV STYLE="text-align:Left;"&gt;&lt;DIV&gt;&lt;DIV&gt;&lt;P STYLE="margin:0 0 0 0;"&gt;&lt;SPAN&gt;&lt;SPAN&gt;Exchange boundary information was requested from all North Dakota ILECs. &lt;/SPAN&gt;&lt;/SPAN&gt;&lt;SPAN&gt;&lt;SPAN&gt;Thirty-two ILECs submitted data for 302 exchanges in North Dakota. &lt;/SPAN&gt;&lt;/SPAN&gt;&lt;/P&gt;&lt;P&gt;&lt;SPAN /&gt;&lt;/P&gt;&lt;/DIV&gt;&lt;/DIV&gt;&lt;/DIV&gt;</idAbs><idCredit>Information Technology Department, State of North Dakota.</idCredit><dataChar><CharSetCd value="004"></CharSetCd></dataChar><suppInfo>Existing exchange boundary information was requested from all North Dakota ILECs. Thirty-two ILECs submitted data for 304 exchanges in North Dakota.  </suppInfo><idPoC xmlns=""><rpIndName>Travis Durick </rpIndName><rpOrgName>Information Technology Department, State of North Dakota </rpOrgName><rpPosName>Broadband Technology Manager </rpPosName><role><RoleCd value="007"></RoleCd></role><rpCntInfo xmlns=""><cntAddress addressType=""><eMailAdd>tdurick@nd.gov</eMailAdd></cntAddress><cntPhone><voiceNum tddtty="">701-328-1125</voiceNum></cntPhone></rpCntInfo></idPoC><tpCat><TopicCatCd value="003"/></tpCat><tpCat><TopicCatCd value="019"/></tpCat></dataIdInfo><mdLang><languageCode value="eng" Sync="TRUE"/><countryCode value="USA" Sync="TRUE"/></mdLang><distInfo><distFormat><formatName Sync="TRUE">Shapefile</formatName></distFormat><distTranOps><transSize Sync="TRUE">0.000</transSize></distTranOps></distInfo><mdHrLv><ScopeCd value="005" Sync="TRUE"/></mdHrLv><mdHrLvName Sync="TRUE">dataset</mdHrLvName><refSysInfo><RefSystem><refSysID><identCode code="4326" Sync="TRUE" value="102008"/><idCodeSpace Sync="TRUE">ESRI</idCodeSpace><idVersion Sync="TRUE">10.0.0</idVersion></refSysID></RefSystem></refSysInfo><spatRepInfo><VectSpatRep><geometObjs Name="test"><geoObjTyp><GeoObjTypCd value="002" Sync="TRUE"></GeoObjTypCd></geoObjTyp><geoObjCnt Sync="TRUE">0</geoObjCnt></geometObjs><topLvl><TopoLevCd value="001" Sync="TRUE"></TopoLevCd></topLvl></VectSpatRep></spatRepInfo><spdoinfo><ptvctinf><esriterm><efeatyp Sync="TRUE">Simple</efeatyp><efeageom code="4" Sync="TRUE"></efeageom><esritopo Sync="TRUE">FALSE</esritopo><efeacnt Sync="TRUE">0</efeacnt><spindex Sync="TRUE">FALSE</spindex><linrefer Sync="TRUE">TRUE</linrefer></esriterm></ptvctinf></spdoinfo><eainfo><detailed Name="test" xmlns=""><enttyp><enttypl Sync="TRUE">test</enttypl><enttypt Sync="TRUE">Feature Class</enttypt><enttypc Sync="TRUE">0</enttypc></enttyp><attr xmlns=""><attrlabl Sync="TRUE">FID</attrlabl><attalias Sync="TRUE">FID</attalias><attrtype Sync="TRUE">OID</attrtype><attwidth Sync="TRUE">4</attwidth><atprecis Sync="TRUE">0</atprecis><attscale Sync="TRUE">0</attscale><attrdef Sync="TRUE">Internal feature number.</attrdef><attrdefs Sync="TRUE">ESRI</attrdefs><attrdomv><udom Sync="TRUE">Sequential unique whole numbers that are automatically generated.</udom></attrdomv></attr><attr xmlns=""><attrlabl Sync="TRUE">Shape</attrlabl><attalias Sync="TRUE">Shape</attalias><attrtype Sync="TRUE">Geometry</attrtype><attwidth Sync="TRUE">0</attwidth><atprecis Sync="TRUE">0</atprecis><attscale Sync="TRUE">0</attscale><attrdef Sync="TRUE">Feature geometry.</attrdef><attrdefs Sync="TRUE">ESRI</attrdefs><attrdomv><udom Sync="TRUE">Coordinates defining the features.</udom></attrdomv></attr><attr xmlns=""><attrlabl Sync="TRUE">SAC</attrlabl><attalias Sync="TRUE">SAC</attalias><attrtype Sync="TRUE">String</attrtype><attwidth Sync="TRUE">6</attwidth><atprecis Sync="TRUE">0</atprecis><attscale Sync="TRUE">0</attscale><attrdef>The six digit Study Area Code associated with the polygon.</attrdef></attr><attr><attrlabl Sync="TRUE">Shape_Leng</attrlabl><attalias Sync="TRUE">Shape_Leng</attalias><attrtype Sync="TRUE">Double</attrtype><attwidth Sync="TRUE">19</attwidth><atprecis Sync="TRUE">0</atprecis><attscale Sync="TRUE">0</attscale></attr><attr><attrlabl Sync="TRUE">Shape_Area</attrlabl><attalias Sync="TRUE">Shape_Area</attalias><attrtype Sync="TRUE">Double</attrtype><attwidth Sync="TRUE">19</attwidth><atprecis Sync="TRUE">0</atprecis><attscale Sync="TRUE">0</attscale><attrdef Sync="TRUE">Area of feature in internal units squared.</attrdef><attrdefs Sync="TRUE">ESRI</attrdefs><attrdomv><udom Sync="TRUE">Positive real numbers that are automatically generated.</udom></attrdomv></attr></detailed></eainfo><mdDateSt Sync="TRUE">20131216</mdDateSt><dqInfo><dataLineage><statement>The North Dakota Public Service Commission collected study area boundary data including all applicable attribute information as outlined by the FCC on behalf of the incumbent LECs operating in the state.  Exchange boundary information was requested from all North Dakota ILECs. Thirty-two ILECs submitted data for 302 exchanges in North Dakota.  </statement><prcStep xmlns=""><stepDesc>The workflow and methods used include the following.

Existing exchange boundary information was requested of all North Dakota ILECs in the following order of preference by data type: GIS shapefile or feature class, AutoCAD drawing, digital map, or scanned image of a paper map(s).  Upon receipt each ILEC submitted dataset was converted to a common format (Esri feature class) and projected coordinate system (NAD83 North Dakota South State Plane Coordinate System Feet (FIPS 3302)).  Following the initial data conversion two separate but simultaneous processes occurred with each ILEC dataset; the first involved the adjustment of internal exchange lines to a set of common base layers, the second process entailed the resolution of discrepancies between shared ILEC study area boundaries.  

In order to comply with the FCC request that study area boundaries and exchanges conform to a scale of 1:24,000, the collected exchange boundary lines were adjusted to one of the following data sources (listed in the order of priority and precedence): 1) North Dakota State Boundary via US Census Bureau – All exchanges existing within the state were clipped or adjusted to this layer regardless of overlap into an adjoining state; 2) Bureau of Land Management (BLM) Cadastral National Spatial Data Infrastructure (CadNSDI) Quarter-Quarter Sections – This layer was the primary layer for the exchange boundary line adjustment.  In areas where the CadNSDI was not complete (eastern portion of North Dakota) the BLM alternative sources of the PLSS (where BLM is the data steward or the data is from a BLM trusted source) were used. Wherever the CadNSDI did not exist and sections were the smallest alternative PLSS features available, quarter-quarter sections were mathematically derived, measured equally in a section from the section corner mid-point; 3) County lines – Exchange boundaries were only adjusted to this layer when they were coincident with or followed water features that the ILECS indicated as boundary lines for an Exchange; 4) National Hydrography Dataset (NHD) Flowlines - Exchange boundaries were adjusted to follow this layer when ILECS indicated they were boundary lines.

A preliminary review of the exchange boundary lines indicated that the vast majority of the data followed a version of the public land survey system (PLSS).  Therefore the first step in the adjustment process was to snap all of the exchange boundary lines to the CadNSDI quarter-quarter section lines.  This process was completed using the Esri ArcGIS Snap tool with a tolerance of 700 feet (approximately half of the distance between a typical quarter-quarter section). A systematic review of the adjusted data was conducted to ensure that all lines followed the appropriate quarter-quarter section.  Areas where the exchange boundaries followed water features were snapped to county lines or NHD flowlines where county lines were not present.  Diagonal lines that traversed more than a quarter-quarter section were left intact only snapping the end points of the line to the CadNSDI.

In order to integrate all of the exchanges from 32 individual ILECs into a seamless state-wide dataset, over 70 web-enabled conference calls were conducted between provider pairs (a pair defined as two ILECs who share a portion of a common study area boundary) to collaboratively review maps and resolve and document  boundary overlaps, void areas, or disputes along common study area boundaries.  Following the initial data conversion outlined above, shared ILEC study area boundaries were identified and review maps were generated including reference layers (CadNSDI and water features) at a scale of 1:63,360.  Approximately 670 review maps were returned to contiguous ILECs and the PSC. When necessary additional web-enabled conference calls were conducted between each ILEC pair to resolve and correct boundary overlaps, void areas, or disputes using the same authoritative base layers and precedence rules described above.

The  agreed upon shared study area boundaries were digitized from the maps marked up in the web-enabled conference calls in Esri ArcGIS, snapping to the authoritative source layers.  Following multiple quality assurance checks, agreed upon study area boundaries were integrated with the ILECs adjusted internal exchange lines.  Polygons of the new exchanges were generated and attributed with the required information once all of the shared study area boundaries were completed.  With all provider data mapped to a common set of base layers and study area boundaries agreed upon with neighboring ILECs, the polygons were checked for topology errors (no gaps and no overlaps) and corrected when necessary. Minor topology rule violations caused by the authoritative source layer adjustment process were resolved, and the topology check repeated.

Final review maps of the 302 exchanges in the state were created and sent to the individual ILECs for their review.  A statement of certification was requested from a designated individual for each ILEC using language from the FCC order.  Final methodology documentation, metadata and feature level metadata for any remaining unresolved discrepancies was prepared. All FCC required attributes, shapefiles and csv files were prepared for review and certification by the North Dakota Public Service Commission for the FCC submission.

Following the collaborative web-enabled conference calls no study areas included overlaps between contiguous ILECs.  The only void area in the state is in T134N R106W, and portions of T134N R105W and T133N R106W, approximately 48 square miles on the Montana/North Dakota border.   Midstate Communications Inc., Consolidated Telcom, and Mid-Rivers Telephone Cooperative, Inc.confirmed via email that no ILEC wanted to claim this void area.  There are no structures, roads or subscribers in this area and it is remote, generally inaccessible public land.

Coincident with the exchange boundary mapping, spreadsheets were emailed to each ILEC to collect attribute information to populate the shapefile database and the associated comma delimited csv file.  Follow up calls and emails were made with ILECs when incomplete results or known discrepancies were found in the spreadsheets.  The results were recorded in a common database.  There was widespread confusion on the question of which Exchanges were considered “frozen” and subject to 54.305.  After consultation via phone and email with representatives at the FCC, we compared data returned by ILECs with two spreadsheets provided by the FCC at http://www.fcc.gov/Bureaus/Common_Carrier/Reports/FCC-State_Link/Monitor/usf12r11.zip.   After further communication with each ILEC listed in the spreadsheets as having a study area likely having one or more frozen exchanges, our procedure was to include FROZEN = “N” in the shapefile database for all exchanges, with the following exceptions:  1) When an ILEC acquired an exchange, and they were listed on either of two spreadsheets provided by the FCC indicating they most likely had a study area with an acquisition that was frozen and the ILEC confirmed which exchanges were frozen; or 2) When an ILEC submitted a FROZEN = “Y” and confirmed after we double checked and explained the contents of these spreadsheets and the FCC clarification.  

Those ILECS who indicated to us that they have an acquired exchange that may have been frozen at some point in the past, but they are not aware that it was “frozen” in the context of 54.305, are included in the following list (the majority of these were acquisitions from US West in the 1980s):

SAC, Exchange, ILEC Name
381607, Consolidated Telcom, Bowman
381607, Consolidated Telcom, Hettinger
381607, Consolidated Telcom, Killdeer
381607, Consolidated Telcom, Mott
381607, Consolidated Telcom, New England
381615, Griggs County Telephone Co, Finley
381622, Griggs County Telephone Co, Sheldon
381632, Reservation Telephone Cooperative, Garrison
381632, Reservation Telephone Cooperative, Kenmare
381632, Reservation Telephone Cooperative, Max
381637, West River Telecommunications Cooperative, Elgin
381637, West River Telecommunications Cooperative, Hebron
</stepDesc></prcStep></dataLineage></dqInfo><mdContact xmlns=""><rpIndName>Fred Gifford </rpIndName><rpOrgName>Tetratech, Inc. </rpOrgName><rpPosName>Broadband Mapping Contract Project Manager </rpPosName><role><RoleCd value="007"></RoleCd></role><rpCntInfo xmlns=""><cntAddress addressType=""><eMailAdd>Fred.gifford@tetratech.com</eMailAdd></cntAddress><cntPhone><voiceNum tddtty="">406-431-1490</voiceNum></cntPhone></rpCntInfo></mdContact><mdChar><CharSetCd value="004" Sync="TRUE"></CharSetCd></mdChar></metadata>
